Advanced Potion-Making,Libatius Borage,4826972
Advanced Potion-Making,Libatius Borage,4826972
Advanced Potion-Making,Libatius Borage,4826972
Advanced Potion-Making,Libatius Borage,4826972
Advanced Potion-Making,Libatius Borage,4826972
Advanced Potion-Making,Libatius Borage,4826972
Advanced Potion-Making,Libatius Borage,4826972
Advanced Potion-Making,Libatius Borage,4826972
Fantastic Beasts and Where to Find Them,Newt Scamander,1564815
Fantastic Beasts and Where to Find Them,Newt Scamander,1564815
Fantastic Beasts and Where to Find Them,Newt Scamander,1564815
Fantastic Beasts and Where to Find Them,Newt Scamander,1564815
Fantastic Beasts and Where to Find Them,Newt Scamander,1564815
Fantastic Beasts and Where to Find Them,Newt Scamander,1564815
Fantastic Beasts and Where to Find Them,Newt Scamander,1564815
Fantastic Beasts and Where to Find Them,Newt Scamander,1564815
Forbidden Spells,Salazar Slytherin,7134567
Forbidden Spells,Salazar Slytherin,7134567
Forbidden Spells,Salazar Slytherin,7134567
Forbidden Spells,Salazar Slytherin,7134567
Forbidden Spells,Salazar Slytherin,7134567
Forbidden Spells,Salazar Slytherin,7134567
Forbidden Spells,Salazar Slytherin,7134567
Forbidden Spells,Salazar Slytherin,7134567
The Dark Forces: A Guide to Self-Protection,Quirinus Quirrell,1891568
The Dark Forces: A Guide to Self-Protection,Quirinus Quirrell,1891568
The Dark Forces: A Guide to Self-Protection,Quirinus Quirrell,1891568
The Dark Forces: A Guide to Self-Protection,Quirinus Quirrell,1891568
The Dark Forces: A Guide to Self-Protection,Quirinus Quirrell,1891568
The Dark Forces: A Guide to Self-Protection,Quirinus Quirrell,1891568
The Dark Forces: A Guide to Self-Protection,Quirinus Quirrell,1891568
The Dark Forces: A Guide to Self-Protection,Quirinus Quirrell,1891568
The Standard Book of Spells,Miranda Goshawk,9452297
The Standard Book of Spells,Miranda Goshawk,9452297
The Standard Book of Spells,Miranda Goshawk,9452297
The Standard Book of Spells,Miranda Goshawk,9452297
The Standard Book of Spells,Miranda Goshawk,9452297
The Standard Book of Spells,Miranda Goshawk,9452297
The Standard Book of Spells,Miranda Goshawk,9452297
The Standard Book of Spells,Miranda Goshawk,9452297
